{"ProjectBreakpoints":"{\"Value\":{}}","ProjectWatches":"{\"Value\":[]}","OpenedDocuments":"[\"Framework/InitAllApplications.xaml\",\"ACME Workflow/ACME login.xaml\",\"ACME Workflow/ACME MonthlyReport.xaml\",\"Framework/GetTransactionData.xaml\",\"Framework/InitAllSettings.xaml\",\"ACME Workflow/Upload YearlyReport.xaml\",\"ACME Workflow/ACME UploadID.xaml\",\"ACME Workflow/Vendor Details.xaml\",\"ACME Workflow/ACME YearlyReport.xaml\",\"Framework/Process.xaml\",\"ACME Workflow/ACME Update.xaml\",\"Main.xaml\"]"}